brand,name,status,price,image url,website
Daniel Wellington,CLASSIC DOVER,,179,img/watches/dw1.jpg,dw1.php
Daniel Wellington,CLASSIC CORNWALL,,199,img/watches/dw2.jpg,dw2.php
Daniel Wellington,CLASSIC ROSELYN,,199,img/watches/dw3.jpg,dw3.php
Daniel Wellington,CLASSIC BAYSWATER,,199,img/watches/dw4.jpg,dw4.php
Daniel Wellington,CLASSIC CAMBRIDGE,,199,img/watches/dw5.jpg,dw5.php
Daniel Wellington,CLASSIC GLASGOW,,199,img/watches/dw6.jpg,dw6.php
Daniel Wellington,CLASSIC CANTERBURY,,199,img/watches/dw7.jpg,dw7.php
Daniel Wellington,CLASSIC WARWICK,,199,img/watches/dw8.jpg,dw8.php
movado,MOVADO BOLD EVOLUTION,,650,img/watches/movado1.png,movado1.php
movado,MODERN 47,,695,img/watches/movado2.png,movado2.php
movado,MOVADO FACE,,350,img/watches/movado3.png,movado3.php
movado,MOVADO ULTRA SLIM,,895,img/watches/movado4.png,movado4.php
movado,MOVADO BOLD VERSO,,595,img/watches/movado5.png,movado5.php
movado,MUSEUM SPORT,,995,img/watches/movado6.png,movado6.php
movado,SERIES 800,,1295,img/watches/movado7.png,movado7.php
movado,MOVADO BOLD CERAMIC,,695,img/watches/movado8.png,movado8.php
MVMT,CLASSIC BLACK LEATHER,,95,img/watches/mvmt1.jpg,mvmt1.php
MVMT,CLASSIC BRONZE AGE,Sale,82.5,img/watches/mvmt2.jpg,mvmt2.php
MVMT,CLASSIC BLACK ROSE,,110,img/watches/mvmt3.jpg,mvmt3.php
MVMT,CLASSIC WHITE BLACK,,95,img/watches/mvmt4.jpg,mvmt4.php
MVMT,THE 40 - ROSE GOLD BROWN,,120,img/watches/mvmt5.jpg,mvmt5.php
MVMT,THE 40 - ROSE GOLD NATURAL TAN,,120,img/watches/mvmt6.jpg,mvmt6.php
MVMT,THE 40 - BLACK LINK,,130,img/watches/mvmt7.jpg,mvmt7.php
MVMT,THE 40 - GUNMETAL MESH,,125,img/watches/mvmt8.jpg,mvmt8.php
MVMT,CHRONO GUNMETAL SANDSTONE,,135,img/watches/mvmt9.jpg,mvmt9.php
sevenfriday,P3B/06 RACING TEAM RED,,1150,img/watches/sevenfriday1.png,sevenfriday1.php
sevenfriday,M1B/01M URBAN EXPLORER,,1355,img/watches/sevenfriday2.png,sevenfriday2.php
sevenfriday,M3/04 - PINKY,New,1750,img/watches/sevenfriday3.png,sevenfriday3.php
sevenfriday,M1B/01 URBAN EXPLORER,,1250,img/watches/sevenfriday4.png,sevenfriday4.php
sevenfriday,M3/05 - PIMP,New,1750,img/watches/sevenfriday5.png,sevenfriday5.php
sevenfriday,M3/01 SPACESHIP,,1100,img/watches/sevenfriday6.png,sevenfriday6.php
sevenfriday,M2/02,,1474,img/watches/sevenfriday7.png,sevenfriday7.php
sevenfriday,P1C/01,,1150,img/watches/sevenfriday8.png,sevenfriday8.php
sevenfriday,W1/01 BLADE,,1250,img/watches/sevenfriday9.png,sevenfriday9.php
sevenfriday,Q3/05,,1220,img/watches/sevenfriday10.png,sevenfriday10.php